LSOA11CD,LSOA11NM,Youth(<18),Elderly(>64),No_car_household,Minority_population,Unemployed/Below_poverty
E01000001,City of London 001A,122,268,519,228,97
E01000002,City of London 001B,154,269,481,162,82
E01000003,City of London 001C,137,254,655,291,231
E01000005,City of London 001E,182,127,356,480,274
E01000842,Camden 011A,205,201,353,275,170
E01000843,Camden 014A,323,183,486,483,275
E01000844,Camden 011B,300,171,464,434,154
E01000845,Camden 014B,221,173,350,321,210
E01000846,Camden 014C,408,212,332,620,381
E01000847,Camden 014D,459,189,325,691,413
E01000848,Camden 011C,231,194,396,337,135
E01000849,Camden 011D,216,201,548,376,178
E01000850,Camden 026A,88,141,500,614,578
E01000851,Camden 026B,144,110,653,908,1225
E01000852,Camden 026C,51,156,523,654,1012
E01000853,Camden 025A,267,317,700,658,466
E01000854,Camden 026D,233,145,564,1068,907
E01000855,Camden 028A,56,222,903,503,384
E01000856,Camden 019A,384,109,420,710,544
E01000857,Camden 018A,268,209,314,278,175
E01000858,Camden 018B,423,140,513,786,597
E01000859,Camden 018C,257,192,356,208,142
E01000860,Camden 018D,178,302,520,224,187
E01000861,Camden 019B,215,120,532,481,466
E01000862,Camden 018E,262,246,359,308,177
E01000863,Camden 021A,166,113,486,347,374
E01000864,Camden 015A,234,126,425,409,356
E01000865,Camden 015B,155,114,252,388,687
E01000866,Camden 009A,351,240,576,600,418
E01000867,Camden 015C,330,153,489,656,516
E01000868,Camden 015D,415,89,372,757,416
E01000869,Camden 015E,334,189,599,581,514
E01000870,Camden 009B,313,172,457,429,369
E01000871,Camden 005A,342,182,232,495,329
E01000872,Camden 005B,263,108,594,629,338
E01000873,Camden 005C,276,171,318,307,171
E01000874,Camden 005D,251,210,323,382,182
E01000875,Camden 013A,240,143,557,539,319
E01000876,Camden 013B,348,167,519,733,483
E01000877,Camden 005E,243,152,354,330,232
E01000878,Camden 004A,214,247,188,512,526
E01000879,Camden 004B,263,206,276,286,247
E01000880,Camden 004C,414,194,221,389,141
E01000881,Camden 008A,289,153,336,486,287
E01000882,Camden 008B,259,179,331,289,128
E01000883,Camden 008C,195,161,392,476,260
E01000884,Camden 004D,369,184,151,296,172
E01000885,Camden 004E,313,356,117,360,167
E01000886,Camden 006A,307,170,256,255,191
E01000887,Camden 006B,246,160,385,341,197
E01000888,Camden 006C,355,162,373,363,279
E01000889,Camden 007A,416,176,424,653,497
E01000890,Camden 007B,366,272,545,640,514
E01000891,Camden 007C,388,188,508,684,544
E01000892,Camden 006D,396,247,426,473,292
E01000893,Camden 002A,295,240,313,188,155
E01000894,Camden 002B,279,223,239,220,127
E01000895,Camden 002C,267,291,465,329,165
E01000896,Camden 002D,323,299,300,258,146
E01000897,Camden 008D,334,243,268,328,123
E01000898,Camden 008E,271,200,561,718,284
E01000899,Camden 002E,354,293,181,218,158
E01000900,Camden 012A,356,201,494,503,449
E01000901,Camden 007D,551,127,483,995,729
E01000902,Camden 012B,392,145,398,682,418
E01000903,Camden 006E,223,208,357,373,283
E01000904,Camden 012C,421,217,600,725,531
E01000905,Camden 012D,559,258,581,980,630
E01000906,Camden 012E,168,218,418,345,205
E01000907,Camden 001A,325,163,384,379,325
E01000908,Camden 001B,313,211,492,437,279
E01000909,Camden 001C,289,289,243,258,222
E01000910,Camden 003A,290,230,224,233,181
E01000911,Camden 003B,344,215,334,343,258
E01000912,Camden 001D,297,226,424,362,379
E01000913,Camden 001E,329,333,161,205,151
E01000914,Camden 028B,145,196,713,565,488
E01000915,Camden 027A,319,173,446,772,424
E01000916,Camden 027B,264,147,672,676,435
E01000917,Camden 027C,432,169,713,916,587
E01000918,Camden 028C,239,224,726,785,659
E01000919,Camden 028D,189,143,639,868,748
E01000920,Camden 027D,266,178,654,615,452
E01000921,Camden 003C,305,128,669,464,353
E01000922,Camden 007E,259,129,428,429,467
E01000923,Camden 003D,253,173,353,314,288
E01000924,Camden 009C,232,158,477,350,290
E01000925,Camden 009D,433,181,443,703,474
E01000926,Camden 009E,277,111,446,729,372
E01000927,Camden 007F,260,183,401,409,303
E01000928,Camden 003E,339,227,381,428,292
E01000929,Camden 020A,459,176,437,780,475
E01000930,Camden 020B,341,322,837,800,492
E01000931,Camden 013C,366,188,612,785,537
E01000932,Camden 013D,185,149,618,557,262
E01000933,Camden 020C,196,173,479,453,274
E01000934,Camden 020D,335,238,515,785,461
E01000935,Camden 020E,395,104,432,680,382
E01000936,Camden 024A,367,111,357,939,945
E01000937,Camden 025B,157,82,433,717,860
E01000938,Camden 024B,380,87,597,944,658
E01000939,Camden 024C,300,116,331,814,576
E01000940,Camden 024D,211,131,421,551,485
E01000941,Camden 025C,261,130,418,646,418
E01000942,Camden 025D,112,115,568,835,1351
E01000943,Camden 025E,106,78,505,383,428
E01000944,Camden 023A,308,129,466,983,1006
E01000945,Camden 023B,279,109,471,969,915
E01000946,Camden 021B,239,204,429,537,366
E01000947,Camden 021C,219,119,648,710,689
E01000948,Camden 021D,267,245,530,453,326
E01000949,Camden 023C,350,198,546,660,413
E01000950,Camden 023D,357,114,404,863,619
E01000951,Camden 023E,354,186,435,825,617
E01000952,Camden 022A,366,187,472,845,656
E01000953,Camden 022B,336,229,518,874,618
E01000954,Camden 022C,506,162,452,926,595
E01000955,Camden 022D,377,181,514,773,581
E01000956,Camden 022E,372,88,458,904,615
E01000957,Camden 019C,317,126,488,672,544
E01000958,Camden 019D,438,111,607,1048,911
E01000959,Camden 019E,325,213,519,743,606
E01000960,Camden 017A,319,194,511,689,357
E01000961,Camden 017B,397,195,361,738,458
E01000962,Camden 016A,221,92,390,404,175
E01000963,Camden 017C,326,329,394,929,468
E01000964,Camden 016B,293,168,374,405,289
E01000965,Camden 016C,232,140,419,436,236
E01000966,Camden 016D,231,141,272,244,142
E01000967,Camden 017D,287,234,212,344,230
E01000968,Camden 016E,175,144,424,385,214
E01000969,Camden 010A,266,160,508,519,234
E01000970,Camden 010B,88,101,511,269,156
E01000971,Camden 010C,258,146,299,282,178
E01000972,Camden 010D,376,187,634,868,506
E01000973,Camden 010E,259,126,562,694,397
E01000974,Camden 013E,264,152,533,666,420
E01001714,Hackney 002A,329,118,429,750,482
E01001715,Hackney 007A,123,42,467,390,226
E01001716,Hackney 007B,214,78,446,572,316
E01001717,Hackney 007C,308,62,185,505,336
E01001718,Hackney 007D,182,70,527,443,285
E01001719,Hackney 007E,207,158,328,547,312
E01001720,Hackney 007F,204,90,479,425,270
E01001722,Hackney 029A,527,150,574,1108,554
E01001723,Hackney 006A,469,111,398,792,480
E01001724,Hackney 006B,395,93,685,814,475
E01001725,Hackney 004A,753,102,321,737,499
E01001726,Hackney 004B,437,66,293,798,452
E01001727,Hackney 006C,699,104,298,719,454
E01001728,Hackney 029B,839,102,395,853,626
E01001729,Hackney 019A,558,100,610,1344,662
E01001730,Hackney 019B,556,147,587,1219,662
E01001731,Hackney 017A,518,107,745,1217,620
E01001732,Hackney 019C,488,125,481,1119,616
E01001733,Hackney 015A,391,123,404,782,417
E01001734,Hackney 017B,306,141,627,818,462
E01001735,Hackney 019D,372,172,400,710,394
E01001736,Hackney 012A,344,87,407,553,383
E01001737,Hackney 012B,360,103,387,563,319
E01001738,Hackney 012C,328,109,483,474,311
E01001739,Hackney 012D,368,149,517,517,346
E01001740,Hackney 014A,400,140,440,927,506
E01001741,Hackney 009A,337,94,287,407,214
E01001742,Hackney 008A,382,127,487,805,414
E01001744,Hackney 021B,355,198,459,803,445
E01001745,Hackney 016A,533,109,696,1260,679
E01001746,Hackney 016B,557,78,394,1104,549
E01001747,Hackney 014B,288,168,640,837,530
E01001748,Hackney 020A,333,119,796,924,567
E01001749,Hackney 020B,290,106,450,506,299
E01001750,Hackney 021C,327,152,498,745,489
E01001751,Hackney 021D,186,145,303,253,162
E01001752,Hackney 025A,353,120,725,924,474
E01001753,Hackney 025B,425,102,470,1039,588
E01001754,Hackney 025C,453,153,780,1019,665
E01001755,Hackney 025D,447,122,496,937,593
E01001756,Hackney 021E,235,161,610,551,364
E01001757,Hackney 016C,480,96,445,1316,586
E01001758,Hackney 016D,534,147,642,1283,642
E01001759,Hackney 016E,353,155,516,922,432
E01001760,Hackney 017C,307,147,564,887,430
E01001761,Hackney 016F,289,179,617,870,503
E01001762,Hackney 017D,244,100,561,639,433
E01001763,Hackney 020C,314,142,488,725,424
E01001764,Hackney 010A,360,111,414,868,464
E01001765,Hackney 010B,495,175,484,1195,620
E01001767,Hackney 010D,357,104,374,775,476
E01001768,Hackney 006D,321,113,380,789,440
E01001769,Hackney 006E,280,93,390,743,392
E01001770,Hackney 010E,380,153,538,1036,611
E01001772,Hackney 024A,249,70,310,669,374
E01001773,Hackney 025E,419,160,601,1065,680
E01001774,Hackney 024B,462,91,598,906,552
E01001775,Hackney 024C,423,153,528,1028,575
E01001776,Hackney 025F,263,155,450,774,494
E01001777,Hackney 027B,467,113,808,1066,658
E01001779,Hackney 026A,516,132,792,1226,759
E01001780,Hackney 027D,317,157,698,882,524
E01001781,Hackney 026B,348,137,550,778,607
E01001782,Hackney 026C,377,129,658,807,559
E01001783,Hackney 026D,410,138,645,1141,712
E01001784,Hackney 027E,373,140,587,1089,993
E01001785,Hackney 015B,312,164,324,740,434
E01001786,Hackney 013A,568,133,442,1342,639
E01001787,Hackney 013B,486,241,381,1022,516
E01001788,Hackney 013C,487,174,455,1051,524
E01001789,Hackney 015C,401,131,355,817,417
E01001790,Hackney 013D,441,77,318,1024,492
E01001791,Hackney 015D,449,104,253,970,533
E01001792,Hackney 011A,390,162,320,979,495
E01001793,Hackney 011B,327,124,370,819,365
E01001794,Hackney 011C,349,240,334,893,524
E01001795,Hackney 011D,268,100,345,627,365
E01001796,Hackney 011E,290,79,489,827,468
E01001798,Hackney 028A,498,165,463,1181,603
E01001799,Hackney 003A,619,92,285,390,373
E01001800,Hackney 004C,547,110,459,644,506
E01001801,Hackney 008B,547,211,349,466,409
E01001802,Hackney 003B,377,148,292,443,387
E01001803,Hackney 008C,505,134,381,454,313
E01001804,Hackney 003C,553,128,265,418,408
E01001805,Hackney 009B,210,68,300,372,244
E01001806,Hackney 008D,297,144,418,560,358
E01001807,Hackney 003D,511,117,420,706,486
E01001808,Hackney 001A,718,95,334,378,546
E01001809,Hackney 001B,755,170,373,639,511
E01001811,Hackney 002D,358,166,439,865,573
E01001812,Hackney 003E,609,119,394,540,559
E01001813,Hackney 002E,306,105,383,734,462
E01001814,Hackney 001C,535,105,319,603,437
E01001815,Hackney 024D,415,162,408,1000,584
E01001816,Hackney 020D,364,145,342,610,380
E01001819,Hackney 020E,273,179,371,504,308
E01001820,Hackney 024E,314,150,363,794,481
E01001821,Hackney 024F,322,141,452,795,470
E01001822,Hackney 029C,547,134,500,1041,659
E01001823,Hackney 001D,706,88,269,678,564
E01001824,Hackney 004D,565,121,335,667,513
E01001825,Hackney 001E,730,89,216,299,429
E01001826,Hackney 004E,630,126,395,673,510
E01001827,Hackney 029D,692,152,452,921,622
E01001828,Hackney 028B,607,140,527,1301,668
E01001829,Hackney 009C,386,111,334,407,252
E01001830,Hackney 014C,282,209,685,934,493
E01001831,Hackney 009D,244,152,480,623,320
E01001832,Hackney 009E,248,111,360,709,387
E01001833,Hackney 014D,431,112,619,1006,585
E01001834,Hackney 014E,370,96,568,839,404
E01001835,Hackney 014F,212,86,266,455,253
E01001836,Hackney 022A,426,148,510,699,391
E01001837,Hackney 023B,247,113,340,353,188
E01001838,Hackney 019E,523,141,512,1185,662
E01001839,Hackney 023C,353,75,689,865,575
E01001840,Hackney 022B,417,167,459,919,531
E01001841,Hackney 022C,290,156,355,377,338
E01001842,Hackney 023D,426,77,397,910,497
E01001843,Hackney 023E,302,96,252,561,290
E01001844,Hackney 022D,397,113,461,712,602
E01001845,Hackney 022E,378,164,461,833,483
E01001846,Hackney 018A,280,161,301,699,354
E01001847,Hackney 018B,268,85,287,583,309
E01001848,Hackney 018C,396,186,377,746,482
E01001849,Hackney 018D,564,99,561,1263,679
E01001850,Hackney 019F,606,115,455,1271,616
E01001851,Hammersmith and Fulham 010A,355,121,289,267,142
E01001852,Hammersmith and Fulham 007A,164,112,579,477,285
E01001853,Hammersmith and Fulham 007B,275,94,362,325,184
E01001854,Hammersmith and Fulham 007C,227,139,592,512,287
E01001855,Hammersmith and Fulham 010B,213,100,523,353,255
E01001856,Hammersmith and Fulham 010C,360,93,433,598,391
E01001857,Hammersmith and Fulham 007D,249,168,555,697,390
E01001858,Hammersmith and Fulham 006A,279,180,431,640,467
E01001859,Hammersmith and Fulham 008A,589,127,578,1065,556
E01001860,Hammersmith and Fulham 006B,333,118,515,822,472
E01001861,Hammersmith and Fulham 006C,289,135,382,661,329
E01001862,Hammersmith and Fulham 005A,321,143,503,747,396
E01001863,Hammersmith and Fulham 006D,302,107,337,391,232
E01001864,Hammersmith and Fulham 006E,256,161,446,471,256
E01001865,Hammersmith and Fulham 008B,297,139,275,474,240
E01001866,Hammersmith and Fulham 012A,212,161,383,548,389
E01001867,Hammersmith and Fulham 012B,129,271,401,597,395
E01001868,Hammersmith and Fulham 012C,281,114,422,609,367
E01001869,Hammersmith and Fulham 010D,277,175,230,233,152
E01001870,Hammersmith and Fulham 012D,175,100,691,736,451
E01001871,Hammersmith and Fulham 012E,160,189,431,633,411
E01001872,Hammersmith and Fulham 012F,198,110,486,537,429
E01001873,Hammersmith and Fulham 010E,260,132,421,445,276
E01001874,Hammersmith and Fulham 001A,309,185,659,871,402
E01001875,Hammersmith and Fulham 001B,492,197,388,876,531
E01001876,Hammersmith and Fulham 001C,514,137,564,1334,701
E01001877,Hammersmith and Fulham 001D,278,110,370,740,292
E01001878,Hammersmith and Fulham 001E,485,166,338,786,464
E01001879,Hammersmith and Fulham 019A,220,139,351,405,346
E01001880,Hammersmith and Fulham 017A,206,176,455,379,233
E01001881,Hammersmith and Fulham 017B,225,148,365,314,213
E01001882,Hammersmith and Fulham 017C,223,99,356,396,291
E01001883,Hammersmith and Fulham 017D,167,189,469,442,360
E01001884,Hammersmith and Fulham 017E,265,237,631,626,368
E01001885,Hammersmith and Fulham 015A,344,147,378,739,458
E01001886,Hammersmith and Fulham 016A,303,134,352,521,451
E01001887,Hammersmith and Fulham 016B,210,188,394,480,329
E01001888,Hammersmith and Fulham 018A,229,188,281,319,307
E01001889,Hammersmith and Fulham 014A,174,114,290,330,283
E01001890,Hammersmith and Fulham 016C,196,72,682,768,438
E01001891,Hammersmith and Fulham 018B,184,139,501,568,444
E01001892,Hammersmith and Fulham 016D,255,125,356,475,323
E01001893,Hammersmith and Fulham 013A,275,104,333,503,392
E01001894,Hammersmith and Fulham 013B,210,135,393,462,319
E01001895,Hammersmith and Fulham 009A,306,120,321,487,270
E01001896,Hammersmith and Fulham 009B,214,147,396,573,422
E01001897,Hammersmith and Fulham 009C,346,128,269,322,153
E01001898,Hammersmith and Fulham 013C,231,128,440,513,319
E01001899,Hammersmith and Fulham 013D,239,199,497,544,399
E01001900,Hammersmith and Fulham 013E,299,245,488,647,404
E01001901,Hammersmith and Fulham 019B,328,115,270,267,215
E01001902,Hammersmith and Fulham 019C,192,152,431,345,310
E01001903,Hammersmith and Fulham 019D,313,148,358,557,446
E01001904,Hammersmith and Fulham 022A,248,120,268,248,193
E01001905,Hammersmith and Fulham 022B,267,174,315,265,186
E01001906,Hammersmith and Fulham 022C,168,102,279,255,145
E01001907,Hammersmith and Fulham 022D,267,108,210,196,140
E01001908,Hammersmith and Fulham 015B,138,64,613,489,371
E01001909,Hammersmith and Fulham 015C,272,158,472,512,363
E01001910,Hammersmith and Fulham 014B,130,111,584,456,253
E01001911,Hammersmith and Fulham 015D,437,151,503,875,487
E01001912,Hammersmith and Fulham 015E,379,124,378,842,584
E01001913,Hammersmith and Fulham 014C,108,86,397,238,153
E01001914,Hammersmith and Fulham 014D,148,74,638,565,394
E01001915,Hammersmith and Fulham 024A,351,189,215,188,124
E01001916,Hammersmith and Fulham 024B,194,329,214,131,109
E01001917,Hammersmith and Fulham 018C,226,239,322,235,214
E01001918,Hammersmith and Fulham 018D,300,139,218,291,205
E01001919,Hammersmith and Fulham 018E,414,205,197,279,201
E01001920,Hammersmith and Fulham 020A,192,242,567,415,282
E01001921,Hammersmith and Fulham 020B,271,134,322,257,279
E01001922,Hammersmith and Fulham 020C,334,169,206,264,188
E01001923,Hammersmith and Fulham 020D,250,156,272,339,208
E01001924,Hammersmith and Fulham 020E,368,118,222,214,154
E01001925,Hammersmith and Fulham 025A,422,153,189,259,153
E01001926,Hammersmith and Fulham 024C,270,132,190,183,134
E01001927,Hammersmith and Fulham 008C,340,193,160,243,183
E01001928,Hammersmith and Fulham 011A,401,165,359,497,292
E01001929,Hammersmith and Fulham 009D,240,122,225,181,120
E01001930,Hammersmith and Fulham 008D,301,339,456,536,366
E01001931,Hammersmith and Fulham 011B,327,88,414,603,331
E01001932,Hammersmith and Fulham 011C,246,125,424,469,303
E01001933,Hammersmith and Fulham 011D,218,195,277,364,239
E01001934,Hammersmith and Fulham 025B,354,164,347,527,357
E01001935,Hammersmith and Fulham 023A,314,178,403,444,290
E01001937,Hammersmith and Fulham 025C,319,164,267,308,238
E01001938,Hammersmith and Fulham 025D,399,123,307,539,277
E01001939,Hammersmith and Fulham 023C,396,249,490,770,691
E01001940,Hammersmith and Fulham 005B,272,134,500,692,381
E01001941,Hammersmith and Fulham 005C,184,61,480,580,339
E01001942,Hammersmith and Fulham 005D,262,140,512,687,349
E01001943,Hammersmith and Fulham 004A,272,132,607,766,472
E01001944,Hammersmith and Fulham 004B,383,179,639,1039,522
E01001945,Hammersmith and Fulham 004C,314,161,419,550,275
E01001946,Hammersmith and Fulham 004D,288,121,419,581,303
E01001947,Hammersmith and Fulham 021A,384,107,399,714,435
E01001948,Hammersmith and Fulham 021B,376,128,453,415,268
E01001949,Hammersmith and Fulham 021C,283,93,278,168,185
E01001950,Hammersmith and Fulham 021D,342,99,237,207,167
E01001951,Hammersmith and Fulham 021E,256,130,346,330,229
E01001952,Hammersmith and Fulham 024D,156,117,480,328,215
E01001953,Hammersmith and Fulham 021F,209,134,405,393,239
E01001954,Hammersmith and Fulham 003A,321,166,346,589,315
E01001955,Hammersmith and Fulham 002A,490,192,407,941,587
E01001956,Hammersmith and Fulham 003B,347,197,297,539,364
E01001957,Hammersmith and Fulham 002B,446,125,412,1060,539
E01001958,Hammersmith and Fulham 002C,507,96,413,1154,551
E01001959,Hammersmith and Fulham 003C,457,199,269,872,534
E01001960,Hammersmith and Fulham 003D,307,116,401,621,316
E01001961,Hammersmith and Fulham 002D,512,115,377,1041,550
E01002694,Islington 019A,396,137,479,684,473
E01002695,Islington 021A,255,195,592,535,333
E01002696,Islington 020A,243,166,565,313,304
E01002697,Islington 019B,377,205,526,1098,978
E01002698,Islington 017A,318,129,649,480,344
E01002699,Islington 017B,190,141,413,242,219
E01002700,Islington 017C,239,173,240,180,198
E01002701,Islington 023A,251,193,549,538,480
E01002702,Islington 023B,371,122,663,810,725
E01002703,Islington 023C,316,127,561,626,511
E01002704,Islington 023D,351,228,774,763,617
E01002706,Islington 023E,401,182,661,624,468
E01002707,Islington 022B,195,162,706,507,441
E01002708,Islington 015A,311,163,616,675,597
E01002709,Islington 019C,291,209,521,655,535
E01002710,Islington 019D,385,161,397,699,509
E01002711,Islington 021B,232,84,711,711,506
E01002712,Islington 015B,207,95,338,638,657
E01002713,Islington 015C,287,295,602,482,419
E01002714,Islington 017D,270,103,425,298,250
E01002715,Islington 019E,368,141,523,676,509
E01002716,Islington 014A,498,232,744,855,611
E01002717,Islington 016A,243,146,306,323,208
E01002718,Islington 014B,198,143,460,291,248
E01002719,Islington 016B,229,193,382,267,155
E01002720,Islington 016C,649,170,695,982,651
E01002721,Islington 014C,272,137,520,353,336
E01002722,Islington 018A,230,144,445,342,323
E01002723,Islington 022C,277,154,590,494,421
E01002724,Islington 022D,147,100,654,486,501
E01002725,Islington 022E,230,144,415,507,482
E01002726,Islington 022F,292,116,588,494,394
E01002727,Islington 021C,216,142,589,373,274
E01002728,Islington 021D,170,102,366,691,924
E01002729,Islington 021E,235,181,394,331,360
E01002730,Islington 007A,223,157,571,582,459
E01002731,Islington 007B,338,145,816,844,605
E01002732,Islington 005A,370,166,580,931,678
E01002733,Islington 007C,190,102,332,380,275
E01002734,Islington 005B,512,91,540,960,612
E01002735,Islington 003A,269,113,568,672,327
E01002736,Islington 005C,418,287,397,817,486
E01002737,Islington 005D,589,156,524,986,651
E01002738,Islington 009A,322,202,484,425,320
E01002739,Islington 013A,319,187,439,341,259
E01002740,Islington 013B,341,129,403,310,200
E01002741,Islington 009B,362,151,425,537,446
E01002742,Islington 006A,262,145,321,285,180
E01002743,Islington 009C,347,194,443,540,338
E01002744,Islington 009D,216,119,432,311,223
E01002745,Islington 013C,251,129,370,297,242
E01002747,Islington 006B,258,142,380,403,303
E01002748,Islington 006C,328,95,445,677,411
E01002749,Islington 006D,335,90,304,487,269
E01002751,Islington 005E,373,130,621,911,540
E01002752,Islington 009E,344,124,381,537,329
E01002753,Islington 002A,262,124,396,537,385
E01002754,Islington 002B,314,141,293,313,272
E01002755,Islington 001A,283,139,398,481,356
E01002756,Islington 001B,232,99,331,373,234
E01002757,Islington 002C,353,106,286,481,353
E01002758,Islington 001C,397,89,481,719,545
E01002759,Islington 002D,290,217,316,392,234
E01002760,Islington 002E,393,147,407,691,492
E01002762,Islington 011C,241,158,544,475,394
E01002763,Islington 007D,175,135,424,446,492
E01002764,Islington 010A,370,201,532,550,447
E01002765,Islington 015D,549,176,677,1092,963
E01002766,Islington 015E,371,178,585,782,660
E01002767,Islington 011D,350,198,663,706,528
E01002768,Islington 004A,264,204,548,410,264
E01002769,Islington 008A,312,172,481,530,622
E01002770,Islington 004B,223,187,457,471,282
E01002771,Islington 004C,304,124,383,477,315
E01002772,Islington 002F,316,168,592,595,430
E01002773,Islington 004D,264,238,513,552,386
E01002774,Islington 004E,354,190,636,644,463
E01002775,Islington 014D,178,91,419,328,212
E01002776,Islington 014E,347,152,507,526,335
E01002777,Islington 012A,198,155,567,378,284
E01002778,Islington 012B,541,153,535,930,556
E01002779,Islington 012C,306,105,494,482,491
E01002780,Islington 014F,295,111,486,508,323
E01002781,Islington 012D,287,114,393,532,345
E01002782,Islington 012E,451,124,427,794,513
E01002783,Islington 010B,244,162,537,436,422
E01002784,Islington 010C,391,188,463,653,505
E01002785,Islington 008B,437,211,444,464,374
E01002786,Islington 010D,372,145,572,674,479
E01002787,Islington 010E,231,97,394,595,605
E01002788,Islington 008C,259,138,558,387,314
E01002789,Islington 008D,320,183,350,288,242
E01002790,Islington 016D,248,193,491,431,282
E01002791,Islington 016E,209,194,448,256,211
E01002792,Islington 017E,290,146,535,423,263
E01002793,Islington 016F,300,170,693,514,395
E01002794,Islington 020B,228,162,568,392,282
E01002795,Islington 013D,339,122,572,687,438
E01002796,Islington 013E,132,118,292,226,209
E01002797,Islington 018B,301,167,579,605,455
E01002798,Islington 018C,266,202,455,352,281
E01002799,Islington 018D,396,204,637,581,453
E01002800,Islington 018E,303,110,291,415,353
E01002801,Islington 020C,201,158,493,287,237
E01002802,Islington 020D,223,144,387,253,204
E01002803,Islington 020E,269,174,576,536,533
E01002804,Islington 001D,368,127,520,745,504
E01002805,Islington 003B,199,110,524,467,289
E01002806,Islington 003C,279,148,410,446,293
E01002807,Islington 001E,334,141,575,675,431
E01002808,Islington 003D,324,149,524,550,418
E01002809,Islington 003E,328,109,445,604,443
E01002810,Islington 003F,371,137,497,651,402
E01002811,Islington 001F,387,146,407,640,369
E01002812,Kensington and Chelsea 013A,309,187,478,685,458
E01002813,Kensington and Chelsea 011A,313,220,410,366,203
E01002814,Kensington and Chelsea 015A,378,175,536,998,575
E01002815,Kensington and Chelsea 011B,199,152,479,509,316
E01002816,Kensington and Chelsea 011C,187,194,421,328,236
E01002817,Kensington and Chelsea 011D,295,248,279,389,250
E01002818,Kensington and Chelsea 012A,225,248,730,577,452
E01002819,Kensington and Chelsea 012B,213,199,464,338,312
E01002820,Kensington and Chelsea 016A,183,117,385,312,184
E01002821,Kensington and Chelsea 014A,220,169,351,348,272
E01002822,Kensington and Chelsea 016B,223,183,255,196,129
E01002823,Kensington and Chelsea 014B,249,231,408,387,276
E01002824,Kensington and Chelsea 008A,282,153,337,302,204
E01002825,Kensington and Chelsea 008B,379,269,363,545,373
E01002826,Kensington and Chelsea 008C,207,213,458,333,223
E01002827,Kensington and Chelsea 008D,306,195,410,324,212
E01002828,Kensington and Chelsea 008E,196,196,370,250,151
E01002829,Kensington and Chelsea 004A,213,131,503,513,281
E01002830,Kensington and Chelsea 004B,270,221,609,694,341
E01002831,Kensington and Chelsea 004C,338,189,640,737,419
E01002832,Kensington and Chelsea 004D,297,159,575,639,347
E01002833,Kensington and Chelsea 007A,218,116,454,279,172
E01002834,Kensington and Chelsea 013B,253,120,406,390,279
E01002835,Kensington and Chelsea 016C,237,158,411,382,272
E01002836,Kensington and Chelsea 016D,182,119,466,311,253
E01002837,Kensington and Chelsea 016E,201,157,376,204,214
E01002838,Kensington and Chelsea 020A,159,126,263,370,676
E01002839,Kensington and Chelsea 013C,162,132,677,565,455
E01002840,Kensington and Chelsea 021A,247,292,445,486,317
E01002841,Kensington and Chelsea 021B,199,124,373,354,242
E01002842,Kensington and Chelsea 021C,315,165,360,679,423
E01002843,Kensington and Chelsea 021D,244,160,396,523,293
E01002844,Kensington and Chelsea 019A,184,232,319,246,185
E01002845,Kensington and Chelsea 019B,177,245,435,311,244
E01002846,Kensington and Chelsea 017A,137,94,582,450,259
E01002847,Kensington and Chelsea 015B,185,109,560,451,291
E01002848,Kensington and Chelsea 015C,200,116,657,557,338
E01002849,Kensington and Chelsea 017B,235,143,483,424,270
E01002850,Kensington and Chelsea 013D,200,95,438,607,471
E01002851,Kensington and Chelsea 015D,175,240,695,736,460
E01002852,Kensington and Chelsea 001A,459,179,614,1118,559
E01002853,Kensington and Chelsea 001B,235,137,324,578,393
E01002854,Kensington and Chelsea 001C,288,156,328,585,355
E01002855,Kensington and Chelsea 001D,332,176,511,965,517
E01002856,Kensington and Chelsea 004E,233,122,627,609,386
E01002857,Kensington and Chelsea 001E,338,142,404,802,455
E01002858,Kensington and Chelsea 014C,158,191,557,508,430
E01002859,Kensington and Chelsea 012C,247,183,438,283,227
E01002860,Kensington and Chelsea 012D,223,201,337,209,209
E01002861,Kensington and Chelsea 014D,200,245,388,254,211
E01002862,Kensington and Chelsea 014E,193,240,723,529,349
E01002863,Kensington and Chelsea 012E,192,227,334,284,229
E01002864,Kensington and Chelsea 009A,363,265,187,488,292
E01002865,Kensington and Chelsea 011E,343,140,237,389,309
E01002866,Kensington and Chelsea 009B,311,121,476,586,304
E01002867,Kensington and Chelsea 009C,360,145,557,853,492
E01002868,Kensington and Chelsea 009D,304,252,207,349,239
E01002869,Kensington and Chelsea 009E,248,154,440,459,282
E01002870,Kensington and Chelsea 005A,275,208,491,566,384
E01002871,Kensington and Chelsea 007B,335,208,276,274,216
E01002872,Kensington and Chelsea 005B,280,352,422,469,282
E01002873,Kensington and Chelsea 007C,257,170,301,288,224
E01002874,Kensington and Chelsea 007D,300,116,353,365,242
E01002875,Kensington and Chelsea 007E,227,231,300,269,181
E01002876,Kensington and Chelsea 003A,368,249,314,372,309
E01002877,Kensington and Chelsea 003B,489,168,380,873,502
E01002878,Kensington and Chelsea 003C,248,186,535,533,310
E01002879,Kensington and Chelsea 005C,338,189,491,809,443
E01002880,Kensington and Chelsea 005D,378,155,465,958,487
E01002881,Kensington and Chelsea 005E,354,140,315,560,419
E01002882,Kensington and Chelsea 006A,235,186,379,245,178
E01002883,Kensington and Chelsea 006B,302,312,403,392,285
E01002884,Kensington and Chelsea 006C,150,108,481,387,301
E01002885,Kensington and Chelsea 006D,157,108,693,376,222
E01002886,Kensington and Chelsea 006E,259,193,382,293,142
E01002887,Kensington and Chelsea 010A,161,130,475,381,259
E01002888,Kensington and Chelsea 013E,201,163,738,728,518
E01002889,Kensington and Chelsea 010B,172,161,285,342,298
E01002890,Kensington and Chelsea 010C,458,251,213,378,233
E01002891,Kensington and Chelsea 010D,245,120,358,418,312
E01002892,Kensington and Chelsea 010E,275,104,496,584,397
E01002893,Kensington and Chelsea 017C,219,185,590,410,329
E01002894,Kensington and Chelsea 017D,171,113,472,328,232
E01002895,Kensington and Chelsea 020B,317,155,240,146,195
E01002896,Kensington and Chelsea 020C,280,140,402,301,210
E01002897,Kensington and Chelsea 020D,163,120,402,268,232
E01002898,Kensington and Chelsea 017E,344,230,354,293,185
E01002899,Kensington and Chelsea 018A,168,254,470,279,195
E01002900,Kensington and Chelsea 018B,239,197,210,199,182
E01002901,Kensington and Chelsea 018C,129,521,256,142,115
E01002902,Kensington and Chelsea 018D,196,252,559,322,246
E01002903,Kensington and Chelsea 018E,269,234,199,173,130
E01002904,Kensington and Chelsea 002A,294,109,327,641,409
E01002905,Kensington and Chelsea 002B,364,156,407,678,460
E01002906,Kensington and Chelsea 002C,347,248,407,606,434
E01002907,Kensington and Chelsea 002D,441,157,341,659,476
E01002908,Kensington and Chelsea 003D,272,164,304,377,252
E01002909,Kensington and Chelsea 003E,320,216,684,569,366
E01002910,Kensington and Chelsea 019C,198,276,382,258,209
E01002911,Kensington and Chelsea 019D,315,137,267,230,198
E01002912,Kensington and Chelsea 020E,217,294,412,320,206
E01002913,Kensington and Chelsea 021E,322,172,439,532,369
E01002914,Kensington and Chelsea 019E,222,309,366,217,175
E01003013,Lambeth 036A,137,82,565,800,348
E01003014,Lambeth 036B,196,176,437,476,383
E01003015,Lambeth 002A,331,153,496,815,479
E01003016,Lambeth 036C,96,77,343,666,688
E01003017,Lambeth 036D,234,182,577,529,310
E01003018,Lambeth 020A,262,101,656,583,314
E01003019,Lambeth 015A,260,139,514,656,268
E01003020,Lambeth 016A,306,116,480,724,331
E01003021,Lambeth 021A,317,240,420,855,590
E01003022,Lambeth 021B,301,116,424,633,298
E01003023,Lambeth 021C,366,134,662,931,384
E01003024,Lambeth 021D,458,103,518,1147,445
E01003025,Lambeth 021E,474,164,456,1049,432
E01003026,Lambeth 019A,189,90,288,247,117
E01003027,Lambeth 019B,317,91,129,160,136
E01003028,Lambeth 019C,302,105,242,321,195
E01003029,Lambeth 017A,220,147,482,446,217
E01003030,Lambeth 019D,253,92,368,299,152
E01003031,Lambeth 023A,257,78,429,592,299
E01003032,Lambeth 017B,293,176,471,686,351
E01003033,Lambeth 019E,329,98,205,373,180
E01003034,Lambeth 012A,343,126,393,528,265
E01003035,Lambeth 012B,143,91,429,404,191
E01003036,Lambeth 012C,276,110,400,511,240
E01003037,Lambeth 013A,248,108,394,611,308
E01003038,Lambeth 013B,210,94,316,248,142
E01003039,Lambeth 013C,291,100,464,386,183
E01003040,Lambeth 013D,213,106,304,335,161
E01003041,Lambeth 017C,308,171,471,732,321
E01003042,Lambeth 013E,138,97,319,295,153
E01003043,Lambeth 018A,238,146,426,668,290
E01003044,Lambeth 018B,294,65,418,945,377
E01003045,Lambeth 011A,576,145,493,1468,644
E01003046,Lambeth 009A,517,81,529,1194,518
E01003047,Lambeth 011B,308,111,578,881,413
E01003048,Lambeth 009B,535,109,519,1274,567
E01003049,Lambeth 011C,475,112,447,1052,456
E01003050,Lambeth 016B,206,104,533,659,351
E01003051,Lambeth 018C,409,55,485,1008,495
E01003052,Lambeth 016C,500,102,528,1299,581
E01003053,Lambeth 015B,152,114,446,484,211
E01003054,Lambeth 015C,137,57,515,370,192
E01003055,Lambeth 016D,130,134,527,551,286
E01003056,Lambeth 015D,216,92,546,685,313
E01003057,Lambeth 017D,290,99,473,827,364
E01003058,Lambeth 015E,188,103,503,632,295
E01003059,Lambeth 011D,379,130,419,952,429
E01003060,Lambeth 011E,367,137,447,987,472
E01003061,Lambeth 011F,212,60,429,592,297
E01003062,Lambeth 033A,314,106,409,561,215
E01003063,Lambeth 033B,363,120,380,746,342
E01003064,Lambeth 028A,331,91,247,446,199
E01003065,Lambeth 031A,400,147,359,847,324
E01003066,Lambeth 028B,412,158,384,847,403
E01003067,Lambeth 033C,332,141,238,512,240
E01003068,Lambeth 031B,473,126,328,763,309
E01003069,Lambeth 033D,398,120,212,564,291
E01003070,Lambeth 033E,379,101,365,878,413
E01003071,Lambeth 018D,355,115,565,705,312
E01003072,Lambeth 014A,417,245,331,399,196
E01003073,Lambeth 014B,412,122,348,842,351
E01003074,Lambeth 018E,449,123,682,889,415
E01003075,Lambeth 009C,453,126,477,1101,452
E01003076,Lambeth 014C,329,75,575,844,373
E01003077,Lambeth 014D,313,101,503,790,388
E01003078,Lambeth 014E,308,187,257,423,198
E01003079,Lambeth 027A,449,194,423,940,373
E01003080,Lambeth 027B,352,108,253,614,281
E01003081,Lambeth 028C,422,91,434,878,368
E01003082,Lambeth 031C,349,196,328,748,300
E01003083,Lambeth 030A,331,176,236,616,243
E01003084,Lambeth 030B,375,107,281,612,257
E01003085,Lambeth 030C,435,219,239,671,252
E01003086,Lambeth 031D,506,105,351,974,437
E01003087,Lambeth 031E,559,140,378,997,425
E01003088,Lambeth 010A,344,91,496,828,421
E01003089,Lambeth 008A,488,70,451,1087,554
E01003090,Lambeth 012D,240,100,662,710,362
E01003091,Lambeth 008B,396,88,412,758,371
E01003092,Lambeth 008C,401,163,476,906,460
E01003093,Lambeth 010B,667,165,662,1489,631
E01003094,Lambeth 010C,203,156,424,595,305
E01003095,Lambeth 012E,322,114,382,515,294
E01003096,Lambeth 010D,148,125,643,588,322
E01003097,Lambeth 006A,309,200,512,747,426
E01003098,Lambeth 005A,318,145,372,586,329
E01003099,Lambeth 005B,313,89,453,663,337
E01003100,Lambeth 005C,152,60,615,439,231
E01003101,Lambeth 003A,328,78,471,655,322
E01003102,Lambeth 004A,174,178,573,540,286
E01003104,Lambeth 004C,209,108,543,568,277
E01003105,Lambeth 003B,339,183,542,862,374
E01003106,Lambeth 003C,373,175,544,703,318
E01003107,Lambeth 003D,276,143,548,579,269
E01003108,Lambeth 002B,339,160,530,779,370
E01003109,Lambeth 003E,435,153,774,1054,540
E01003110,Lambeth 002C,285,191,485,535,305
E01003111,Lambeth 002D,362,185,471,933,432
E01003112,Lambeth 002E,260,143,516,746,386
E01003113,Lambeth 032A,398,122,410,831,397
E01003114,Lambeth 032B,351,107,374,708,310
E01003115,Lambeth 034A,356,86,376,744,292
E01003116,Lambeth 029A,331,200,231,647,274
E01003117,Lambeth 029B,310,183,451,724,330
E01003118,Lambeth 029C,299,191,305,582,297
E01003119,Lambeth 032C,337,116,421,635,363
E01003120,Lambeth 032D,344,99,618,801,418
E01003121,Lambeth 006B,417,115,474,986,449
E01003122,Lambeth 004D,288,108,579,733,369
E01003123,Lambeth 006C,224,101,383,360,192
E01003124,Lambeth 006D,259,114,430,565,338
E01003125,Lambeth 006E,512,147,472,1074,475
E01003126,Lambeth 008D,353,97,446,735,384
E01003127,Lambeth 010E,324,129,460,657,361
E01003128,Lambeth 008E,334,96,488,773,366
E01003129,Lambeth 004E,281,113,530,670,376
E01003130,Lambeth 026A,315,152,398,632,265
E01003131,Lambeth 026B,281,111,289,398,206
E01003132,Lambeth 024A,382,235,316,825,356
E01003133,Lambeth 027C,356,101,388,578,302
E01003134,Lambeth 027D,332,153,278,588,264
E01003135,Lambeth 026C,321,121,398,657,313
E01003136,Lambeth 022A,313,94,447,634,307
E01003137,Lambeth 022B,334,119,433,813,345
E01003138,Lambeth 026D,235,109,275,280,147
E01003139,Lambeth 035A,387,161,207,868,314
E01003140,Lambeth 035B,373,166,137,940,297
E01003141,Lambeth 034B,401,203,336,923,354
E01003142,Lambeth 035C,340,189,153,831,303
E01003143,Lambeth 035D,341,201,220,923,344
E01003144,Lambeth 034C,354,216,110,576,274
E01003145,Lambeth 034D,285,153,454,717,315
E01003146,Lambeth 035E,380,111,236,852,346
E01003147,Lambeth 034E,441,166,377,932,384
E01003148,Lambeth 032E,411,100,363,695,300
E01003149,Lambeth 030D,359,225,238,710,290
E01003150,Lambeth 032F,395,144,444,798,356
E01003151,Lambeth 026E,600,169,548,1171,502
E01003152,Lambeth 027E,399,159,317,809,302
E01003153,Lambeth 029D,236,116,546,653,302
E01003154,Lambeth 030E,425,169,416,916,435
E01003155,Lambeth 029E,316,150,348,688,293
E01003156,Lambeth 023B,304,147,294,425,215
E01003157,Lambeth 023C,351,106,199,419,190
E01003158,Lambeth 023D,228,116,269,196,95
E01003159,Lambeth 022C,336,94,332,731,318
E01003160,Lambeth 022D,416,76,362,953,405
E01003161,Lambeth 023E,262,128,259,419,185
E01003162,Lambeth 022E,628,136,514,1393,573
E01003163,Lambeth 023F,288,191,215,545,226
E01003164,Lambeth 025A,461,127,557,929,399
E01003165,Lambeth 025B,372,205,312,599,256
E01003166,Lambeth 028D,504,125,555,911,386
E01003167,Lambeth 028E,414,177,219,397,185
E01003168,Lambeth 025C,410,148,335,681,415
E01003169,Lambeth 025D,534,150,556,1030,428
E01003170,Lambeth 025E,418,272,261,419,176
E01003171,Lambeth 020B,300,122,497,746,321
E01003172,Lambeth 024B,477,138,476,1076,456
E01003173,Lambeth 020C,263,134,333,622,219
E01003174,Lambeth 024C,616,92,550,1403,521
E01003175,Lambeth 024D,473,95,338,1011,422
E01003176,Lambeth 016E,555,150,575,1099,472
E01003177,Lambeth 020D,309,97,418,726,311
E01003178,Lambeth 020E,202,129,405,519,244
E01003179,Lambeth 024E,478,80,431,1107,515
E01003180,Lambeth 005D,268,116,385,728,372
E01003181,Lambeth 007A,266,141,437,715,353
E01003182,Lambeth 009D,389,121,442,931,491
E01003183,Lambeth 005E,287,131,396,797,423
E01003184,Lambeth 007B,433,75,416,984,418
E01003185,Lambeth 007C,266,119,541,668,334
E01003186,Lambeth 007D,334,98,507,703,382
E01003187,Lambeth 007E,286,122,389,1050,473
E01003188,Lambeth 009E,316,89,360,882,412
E01003911,Southwark 020A,557,90,478,1248,472
E01003912,Southwark 019A,516,101,365,1239,492
E01003913,Southwark 024A,314,164,452,641,390
E01003914,Southwark 024B,351,150,378,716,395
E01003915,Southwark 024C,407,150,481,1184,522
E01003916,Southwark 020B,420,108,508,1142,693
E01003917,Southwark 020C,326,174,501,856,442
E01003918,Southwark 020D,415,145,459,1058,482
E01003919,Southwark 021A,341,108,430,897,428
E01003920,Southwark 021B,530,118,549,1276,499
E01003921,Southwark 021C,268,103,526,852,392
E01003922,Southwark 021D,449,128,564,1170,488
E01003923,Southwark 017A,323,106,466,837,389
E01003924,Southwark 021E,468,135,599,1412,512
E01003925,Southwark 020E,347,143,327,781,374
E01003926,Southwark 021F,354,130,363,915,398
E01003927,Southwark 002A,237,158,705,691,714
E01003929,Southwark 002B,212,136,740,636,389
E01003930,Southwark 034A,167,90,317,597,740
E01003932,Southwark 034B,236,117,475,844,614
E01003933,Southwark 034C,223,126,308,751,798
E01003934,Southwark 002C,169,202,526,491,240
E01003935,Southwark 002D,146,83,297,613,576
E01003936,Southwark 009A,109,47,302,590,796
E01003937,Southwark 009B,167,62,523,695,370
E01003938,Southwark 006A,357,91,530,934,470
E01003939,Southwark 002E,246,74,578,844,396
E01003940,Southwark 006B,368,97,444,900,425
E01003941,Southwark 006C,213,118,610,701,430
E01003942,Southwark 006D,327,133,384,944,635
E01003943,Southwark 009C,331,91,400,901,404
E01003945,Southwark 033A,320,231,224,511,158
E01003946,Southwark 033B,436,294,221,644,291
E01003947,Southwark 033C,459,145,350,871,376
E01003948,Southwark 033D,298,154,285,453,232
E01003949,Southwark 032A,349,146,371,510,215
E01003950,Southwark 032B,444,193,441,919,470
E01003951,Southwark 033E,361,216,153,428,290
E01003952,Southwark 030A,309,136,294,430,206
E01003953,Southwark 028A,298,156,493,641,290
E01003954,Southwark 030B,322,150,250,460,163
E01003955,Southwark 028B,296,180,356,577,261
E01003956,Southwark 030C,338,123,264,451,150
E01003957,Southwark 032C,379,170,260,458,216
E01003958,Southwark 032D,374,163,283,462,192
E01003960,Southwark 012A,337,139,481,751,538
E01003961,Southwark 012B,457,242,649,1128,586
E01003963,Southwark 016A,422,86,473,1055,527
E01003964,Southwark 015A,423,113,447,1046,539
E01003966,Southwark 015B,414,172,536,1090,698
E01003967,Southwark 016B,412,108,444,1137,546
E01003968,Southwark 015C,407,114,339,1075,485
E01003969,Southwark 017B,323,109,471,794,421
E01003970,Southwark 016C,391,118,367,932,432
E01003971,Southwark 015D,626,120,384,1299,592
E01003972,Southwark 016D,397,89,483,927,411
E01003973,Southwark 016E,387,132,557,788,372
E01003974,Southwark 015E,332,112,329,850,380
E01003975,Southwark 004A,441,90,439,787,442
E01003976,Southwark 003A,353,116,612,794,463
E01003977,Southwark 010A,303,191,512,606,441
E01003978,Southwark 004B,314,83,571,702,417
E01003979,Southwark 006E,262,166,554,729,465
E01003980,Southwark 013A,259,165,630,758,688
E01003981,Southwark 006F,198,123,491,743,526
E01003983,Southwark 018A,596,160,476,1466,637
E01003984,Southwark 023A,341,205,553,1136,543
E01003986,Southwark 011A,301,162,374,571,358
E01003987,Southwark 011B,410,226,440,739,465
E01003988,Southwark 018B,526,222,613,1411,579
E01003989,Southwark 018C,629,80,466,1388,624
E01003990,Southwark 018D,605,165,458,1499,592
E01003991,Southwark 017C,218,221,375,586,335
E01003992,Southwark 014A,404,127,406,845,422
E01003993,Southwark 017D,495,118,412,1168,455
E01003994,Southwark 012E,257,119,423,708,441
E01003995,Southwark 014B,255,122,545,606,320
E01003997,Southwark 017E,257,82,290,571,353
E01003998,Southwark 014D,171,133,410,391,269
E01003999,Southwark 014E,307,95,399,657,334
E01004000,Southwark 026A,368,164,493,1047,453
E01004001,Southwark 026B,459,188,380,1005,430
E01004002,Southwark 029A,343,129,226,562,325
E01004003,Southwark 023B,367,153,485,1105,492
E01004004,Southwark 023C,483,191,663,1343,601
E01004005,Southwark 023D,559,217,589,1499,638
E01004006,Southwark 023E,358,169,408,1027,565
E01004007,Southwark 018E,376,104,266,964,401
E01004008,Southwark 022B,554,148,522,1567,681
E01004010,Southwark 022D,381,78,373,1043,441
E01004011,Southwark 019B,678,102,415,1710,648
E01004012,Southwark 019C,688,99,552,1675,654
E01004013,Southwark 019D,470,98,352,1224,529
E01004014,Southwark 019E,459,168,490,1293,555
E01004015,Southwark 028C,325,144,292,435,192
E01004016,Southwark 029B,581,203,386,829,400
E01004017,Southwark 029C,320,185,207,374,215
E01004018,Southwark 032E,397,166,265,435,214
E01004019,Southwark 026C,575,114,434,1233,487
E01004020,Southwark 029D,476,124,420,1033,433
E01004021,Southwark 028D,303,139,504,517,277
E01004022,Southwark 004C,414,226,782,864,508
E01004023,Southwark 004D,291,189,455,513,304
E01004024,Southwark 011C,377,187,559,694,517
E01004027,Southwark 003E,306,87,707,817,448
E01004028,Southwark 004E,350,100,479,674,388
E01004029,Southwark 001A,246,48,445,720,319
E01004030,Southwark 007A,176,122,457,439,279
E01004031,Southwark 007B,396,158,550,888,531
E01004032,Southwark 001B,194,46,342,653,315
E01004033,Southwark 007C,302,155,445,655,396
E01004034,Southwark 007D,376,148,390,573,383
E01004035,Southwark 011D,365,192,450,698,422
E01004036,Southwark 007E,566,146,567,1031,574
E01004037,Southwark 010B,438,80,555,845,505
E01004038,Southwark 010C,631,51,503,1146,554
E01004039,Southwark 013B,325,69,373,754,439
E01004040,Southwark 013C,496,130,446,1143,510
E01004041,Southwark 013D,416,122,454,815,444
E01004042,Southwark 010D,302,237,494,508,474
E01004043,Southwark 010E,212,182,308,278,284
E01004044,Southwark 013E,362,117,338,687,366
E01004045,Southwark 027A,470,65,377,1094,419
E01004046,Southwark 028E,334,123,291,573,254
E01004047,Southwark 027B,447,123,353,1023,431
E01004048,Southwark 027C,351,102,305,622,252
E01004049,Southwark 027D,382,79,303,986,633
E01004050,Southwark 024D,241,94,296,377,248
E01004051,Southwark 027E,222,136,311,346,210
E01004052,Southwark 024E,292,170,380,550,228
E01004053,Southwark 001C,205,93,371,506,233
E01004054,Southwark 001D,188,60,286,452,206
E01004055,Southwark 001E,273,146,232,352,296
E01004056,Southwark 008A,296,134,434,595,441
E01004057,Southwark 008B,250,80,303,469,249
E01004058,Southwark 008C,124,38,419,438,191
E01004059,Southwark 008D,88,29,365,527,278
E01004060,Southwark 008E,376,191,460,814,413
E01004061,Southwark 025A,296,134,379,637,313
E01004062,Southwark 025B,443,201,533,1022,387
E01004063,Southwark 025C,305,196,447,776,354
E01004064,Southwark 026D,496,185,479,1077,482
E01004065,Southwark 025D,309,116,261,505,223
E01004066,Southwark 025E,547,122,490,1142,531
E01004067,Southwark 022E,500,159,579,1523,661
E01004068,Southwark 026E,495,305,494,1229,523
E01004069,Southwark 031A,421,183,67,285,126
E01004070,Southwark 031B,473,219,277,427,242
E01004071,Southwark 030D,345,166,302,467,260
E01004072,Southwark 030E,445,158,152,331,195
E01004073,Southwark 031C,489,177,234,361,176
E01004074,Southwark 031D,539,219,151,375,199
E01004075,Southwark 031E,553,232,97,255,150
E01004197,Tower Hamlets 002A,469,107,633,1156,709
E01004198,Tower Hamlets 002B,320,173,422,857,546
E01004199,Tower Hamlets 002C,509,134,393,1093,618
E01004200,Tower Hamlets 005A,188,43,434,586,559
E01004201,Tower Hamlets 002D,351,116,382,639,435
E01004202,Tower Hamlets 005B,310,64,487,822,515
E01004203,Tower Hamlets 005C,340,98,480,750,453
E01004204,Tower Hamlets 005D,330,223,430,872,618
E01004205,Tower Hamlets 013A,585,100,463,1685,1014
E01004206,Tower Hamlets 013B,349,119,420,1092,692
E01004207,Tower Hamlets 011A,314,103,347,841,578
E01004208,Tower Hamlets 013C,270,53,549,1020,713
E01004209,Tower Hamlets 011B,416,80,313,1008,577
E01004211,Tower Hamlets 013D,138,64,539,592,431
E01004212,Tower Hamlets 011D,326,88,538,997,788
E01004214,Tower Hamlets 030A,514,114,394,955,585
E01004215,Tower Hamlets 028A,593,174,732,1460,787
E01004216,Tower Hamlets 030B,279,99,359,651,345
E01004217,Tower Hamlets 030C,338,172,424,656,403
E01004218,Tower Hamlets 030D,312,106,329,615,367
E01004219,Tower Hamlets 028B,583,90,593,1654,809
E01004221,Tower Hamlets 028D,354,78,399,794,440
E01004222,Tower Hamlets 001A,626,277,688,1133,808
E01004223,Tower Hamlets 001B,438,238,569,840,519
E01004224,Tower Hamlets 001C,404,169,473,901,594
E01004225,Tower Hamlets 004A,217,65,696,534,272
E01004226,Tower Hamlets 001D,450,119,414,851,525
E01004228,Tower Hamlets 003A,316,154,419,432,355
E01004229,Tower Hamlets 004C,325,101,315,794,478
E01004230,Tower Hamlets 003B,427,189,503,888,581
E01004231,Tower Hamlets 004D,514,129,427,1143,651
E01004232,Tower Hamlets 003C,238,89,302,514,436
E01004233,Tower Hamlets 003D,472,198,494,947,563
E01004234,Tower Hamlets 003E,402,147,463,565,436
E01004235,Tower Hamlets 008A,423,95,325,1064,497
E01004236,Tower Hamlets 008B,544,104,298,1325,745
E01004237,Tower Hamlets 008C,281,79,334,681,356
E01004238,Tower Hamlets 008D,721,112,713,1995,1016
E01004239,Tower Hamlets 008E,488,144,292,1122,608
E01004240,Tower Hamlets 012A,606,106,329,1221,680
E01004241,Tower Hamlets 012B,505,106,336,1121,674
E01004242,Tower Hamlets 012C,705,87,605,1683,919
E01004243,Tower Hamlets 020A,567,129,375,1173,727
E01004244,Tower Hamlets 020B,545,212,467,1161,666
E01004245,Tower Hamlets 018A,601,55,223,1207,655
E01004246,Tower Hamlets 018B,482,129,424,1004,563
E01004247,Tower Hamlets 020C,523,135,491,1182,805
E01004248,Tower Hamlets 018C,485,106,279,953,491
E01004249,Tower Hamlets 018D,634,104,475,1354,729
E01004250,Tower Hamlets 020D,711,169,516,1436,832
E01004251,Tower Hamlets 023A,555,187,474,1330,715
E01004252,Tower Hamlets 024A,672,138,729,1657,825
E01004253,Tower Hamlets 024B,706,179,505,1379,767
E01004254,Tower Hamlets 023B,244,41,533,719,304
E01004255,Tower Hamlets 023C,392,60,423,1097,625
E01004256,Tower Hamlets 024C,472,149,367,1094,662
E01004257,Tower Hamlets 024D,628,118,371,1258,733
E01004258,Tower Hamlets 023D,247,120,342,557,305
E01004259,Tower Hamlets 007A,264,96,594,673,383
E01004260,Tower Hamlets 007B,466,135,418,1031,554
E01004261,Tower Hamlets 010A,376,94,400,1500,1854
E01004262,Tower Hamlets 010B,280,114,323,957,1001
E01004263,Tower Hamlets 007C,371,157,337,716,477
E01004264,Tower Hamlets 010C,447,120,306,1243,762
E01004266,Tower Hamlets 007D,325,132,328,560,415
E01004267,Tower Hamlets 012D,356,62,424,933,610
E01004268,Tower Hamlets 012E,482,114,464,1237,734
E01004269,Tower Hamlets 014A,433,178,508,1195,790
E01004270,Tower Hamlets 014B,394,80,462,1038,852
E01004271,Tower Hamlets 014C,515,92,357,1170,551
E01004272,Tower Hamlets 014D,727,119,385,1711,926
E01004273,Tower Hamlets 014E,595,110,331,1556,860
E01004274,Tower Hamlets 031A,498,85,308,1277,764
E01004275,Tower Hamlets 031B,387,110,394,598,371
E01004276,Tower Hamlets 031C,182,41,430,604,231
E01004277,Tower Hamlets 033A,152,45,508,635,203
E01004280,Tower Hamlets 032A,461,103,406,1023,514
E01004281,Tower Hamlets 031D,259,24,482,731,347
E01004283,Tower Hamlets 016A,570,237,499,1432,931
E01004284,Tower Hamlets 019A,585,137,507,1540,794
E01004285,Tower Hamlets 019B,779,123,356,1862,1023
E01004286,Tower Hamlets 019C,677,168,468,1526,914
E01004287,Tower Hamlets 016B,559,230,566,1433,715
E01004288,Tower Hamlets 019D,515,147,328,1133,590
E01004289,Tower Hamlets 016C,413,177,406,1118,732
E01004290,Tower Hamlets 016D,174,160,391,548,359
E01004291,Tower Hamlets 027A,186,124,542,447,246
E01004292,Tower Hamlets 026A,186,70,371,488,241
E01004293,Tower Hamlets 027B,220,158,596,519,295
E01004294,Tower Hamlets 026B,210,87,552,708,377
E01004295,Tower Hamlets 026C,476,92,328,1197,594
E01004296,Tower Hamlets 026D,335,104,401,883,465
E01004297,Tower Hamlets 027C,223,120,404,440,247
E01004298,Tower Hamlets 022A,383,136,459,1154,724
E01004300,Tower Hamlets 022B,360,134,335,898,452
E01004301,Tower Hamlets 025B,386,79,248,989,544
E01004302,Tower Hamlets 025C,630,76,445,1627,812
E01004303,Tower Hamlets 025D,562,149,571,1303,703
E01004304,Tower Hamlets 022C,539,133,457,1489,831
E01004305,Tower Hamlets 022D,533,183,442,1268,705
E01004306,Tower Hamlets 015A,292,114,492,982,606
E01004307,Tower Hamlets 015B,157,49,761,706,719
E01004308,Tower Hamlets 015C,306,111,345,925,580
E01004309,Tower Hamlets 015D,505,161,677,1830,1501
E01004310,Tower Hamlets 015E,304,136,598,1201,811
E01004311,Tower Hamlets 006A,318,153,469,727,473
E01004312,Tower Hamlets 009A,360,162,453,1013,593
E01004313,Tower Hamlets 009B,503,133,593,1098,613
E01004314,Tower Hamlets 006B,176,117,267,250,176
E01004315,Tower Hamlets 006C,209,148,497,698,507
E01004316,Tower Hamlets 009C,224,47,334,604,411
E01004317,Tower Hamlets 009D,345,91,874,1119,698
E01004318,Tower Hamlets 006D,362,74,447,819,459
E01004319,Tower Hamlets 021A,453,140,406,1492,908
E01004321,Tower Hamlets 021C,359,148,525,1333,851
E01004322,Tower Hamlets 017A,259,102,379,790,528
E01004323,Tower Hamlets 017B,296,101,300,882,561
E01004324,Tower Hamlets 017C,437,103,312,1158,657
E01004325,Tower Hamlets 021D,317,93,806,1210,711
E01004326,Tower Hamlets 017D,287,105,469,843,489
E01004472,Wandsworth 021A,277,164,281,317,165
E01004473,Wandsworth 026A,231,140,331,355,158
E01004474,Wandsworth 021B,184,90,550,472,216
E01004475,Wandsworth 026B,201,99,295,375,161
E01004476,Wandsworth 021C,172,121,475,407,199
E01004477,Wandsworth 017A,419,178,130,133,99
E01004478,Wandsworth 017B,411,130,112,237,126
E01004479,Wandsworth 017C,374,115,192,180,142
E01004480,Wandsworth 026C,190,111,287,390,140
E01004481,Wandsworth 029A,200,103,350,531,223
E01004482,Wandsworth 030A,292,152,278,563,232
E01004483,Wandsworth 026D,323,117,420,720,213
E01004484,Wandsworth 026E,205,111,310,384,201
E01004485,Wandsworth 030B,271,185,324,438,206
E01004486,Wandsworth 026F,164,144,405,296,149
E01004487,Wandsworth 030C,269,85,370,382,286
E01004488,Wandsworth 029B,305,112,270,377,227
E01004489,Wandsworth 030D,324,82,288,342,161
E01004490,Wandsworth 031A,285,125,166,227,130
E01004491,Wandsworth 031B,353,103,555,1004,629
E01004492,Wandsworth 031C,287,119,318,533,267
E01004493,Wandsworth 019A,270,111,308,384,235
E01004494,Wandsworth 018A,267,121,367,466,255
E01004495,Wandsworth 024A,380,96,233,796,438
E01004496,Wandsworth 024B,177,97,423,347,196
E01004497,Wandsworth 024C,325,160,153,289,171
E01004498,Wandsworth 031D,233,106,268,250,155
E01004499,Wandsworth 020A,237,110,311,332,172
E01004500,Wandsworth 014A,142,242,418,309,162
E01004501,Wandsworth 014B,267,165,322,354,213
E01004502,Wandsworth 020B,346,137,200,282,142
E01004503,Wandsworth 014C,256,176,310,330,229
E01004504,Wandsworth 020C,349,167,139,404,224
E01004505,Wandsworth 014D,163,264,372,353,141
E01004506,Wandsworth 011A,230,200,419,361,171
E01004507,Wandsworth 014E,176,195,486,377,155
E01004508,Wandsworth 012A,224,127,510,383,202
E01004509,Wandsworth 010A,176,123,580,497,252
E01004510,Wandsworth 012B,236,116,429,418,157
E01004511,Wandsworth 010B,249,102,283,239,93
E01004512,Wandsworth 019B,334,108,192,247,149
E01004513,Wandsworth 018B,332,182,461,649,296
E01004514,Wandsworth 012C,212,125,290,246,137
E01004515,Wandsworth 012D,226,99,369,549,233
E01004516,Wandsworth 036A,467,151,106,622,430
E01004517,Wandsworth 037A,439,129,371,849,367
E01004518,Wandsworth 036B,442,171,204,617,290
E01004519,Wandsworth 036C,447,180,253,878,310
E01004520,Wandsworth 036D,376,164,147,680,268
E01004521,Wandsworth 037B,489,138,308,937,410
E01004522,Wandsworth 037C,420,129,267,760,326
E01004523,Wandsworth 036E,311,242,324,522,247
E01004524,Wandsworth 037D,369,223,481,836,455
E01004525,Wandsworth 035A,333,124,377,1029,473
E01004526,Wandsworth 035B,247,151,384,770,354
E01004527,Wandsworth 035C,357,177,265,852,365
E01004528,Wandsworth 035D,336,144,349,808,358
E01004529,Wandsworth 035E,371,151,459,820,323
E01004530,Wandsworth 035F,309,173,385,772,396
E01004531,Wandsworth 033A,417,176,313,897,344
E01004532,Wandsworth 032A,278,123,289,497,228
E01004533,Wandsworth 033B,325,114,269,622,317
E01004534,Wandsworth 008A,224,145,326,285,123
E01004535,Wandsworth 007A,532,108,502,1186,531
E01004536,Wandsworth 008B,328,134,596,834,407
E01004537,Wandsworth 007B,411,178,574,966,472
E01004538,Wandsworth 007C,406,188,594,899,390
E01004539,Wandsworth 003A,608,137,508,1157,513
E01004540,Wandsworth 003B,383,181,579,630,327
E01004541,Wandsworth 007D,325,236,531,883,409
E01004542,Wandsworth 021D,361,126,178,240,122
E01004543,Wandsworth 027A,398,101,229,235,120
E01004544,Wandsworth 021E,339,117,214,296,148
E01004545,Wandsworth 027B,109,116,527,260,116
E01004546,Wandsworth 027C,238,100,254,290,145
E01004547,Wandsworth 029C,255,182,203,454,247
E01004548,Wandsworth 029D,221,190,642,538,293
E01004549,Wandsworth 027D,297,187,281,474,207
E01004550,Wandsworth 017D,333,275,237,351,175
E01004551,Wandsworth 012E,204,93,572,527,216
E01004552,Wandsworth 008C,163,69,493,282,136
E01004553,Wandsworth 015A,226,92,359,245,129
E01004554,Wandsworth 009A,333,105,219,207,76
E01004555,Wandsworth 017E,465,128,116,192,109
E01004556,Wandsworth 009B,456,94,142,167,82
E01004557,Wandsworth 015B,328,129,250,211,124
E01004558,Wandsworth 015C,418,100,208,229,126
E01004559,Wandsworth 015D,404,86,133,165,107
E01004560,Wandsworth 001A,263,155,437,421,245
E01004562,Wandsworth 002B,317,227,471,894,408
E01004563,Wandsworth 002C,403,110,601,962,457
E01004564,Wandsworth 002D,191,143,454,407,247
E01004565,Wandsworth 005A,212,108,419,343,206
E01004566,Wandsworth 001B,202,194,380,214,134
E01004567,Wandsworth 002E,599,120,631,1335,553
E01004568,Wandsworth 013A,307,78,300,578,932
E01004569,Wandsworth 023A,443,213,351,776,1051
E01004570,Wandsworth 023B,407,196,459,787,640
E01004571,Wandsworth 023C,326,196,355,583,543
E01004572,Wandsworth 016A,328,198,286,471,327
E01004573,Wandsworth 023D,277,195,242,504,347
E01004574,Wandsworth 013B,559,110,469,862,597
E01004575,Wandsworth 013C,261,360,393,562,544
E01004576,Wandsworth 013D,386,153,270,462,359
E01004577,Wandsworth 003C,289,247,464,369,235
E01004579,Wandsworth 004B,294,167,320,346,207
E01004580,Wandsworth 004C,308,192,511,584,336
E01004581,Wandsworth 004D,214,203,441,419,305
E01004582,Wandsworth 001C,349,215,403,510,326
E01004583,Wandsworth 001D,197,392,390,401,230
E01004584,Wandsworth 003D,482,129,448,957,501
E01004585,Wandsworth 008D,198,144,407,310,186
E01004586,Wandsworth 009C,180,92,404,271,140
E01004587,Wandsworth 009D,274,109,270,269,125
E01004588,Wandsworth 008E,264,91,408,299,155
E01004589,Wandsworth 009E,258,99,259,184,114
E01004590,Wandsworth 005B,310,217,406,463,296
E01004591,Wandsworth 005C,201,124,447,513,253
E01004592,Wandsworth 005D,260,212,392,356,214
E01004593,Wandsworth 025A,277,144,360,421,172
E01004594,Wandsworth 020D,410,126,120,311,198
E01004595,Wandsworth 025B,283,143,295,326,161
E01004596,Wandsworth 020E,362,149,195,265,119
E01004597,Wandsworth 025C,396,167,295,384,158
E01004598,Wandsworth 025D,218,80,312,270,129
E01004599,Wandsworth 025E,391,137,125,180,99
E01004600,Wandsworth 018C,507,95,565,1137,467
E01004601,Wandsworth 018D,410,203,481,676,360
E01004602,Wandsworth 010C,243,131,291,226,114
E01004604,Wandsworth 006A,462,155,97,105,125
E01004605,Wandsworth 006B,319,219,263,265,178
E01004606,Wandsworth 006C,210,120,248,138,97
E01004607,Wandsworth 006D,358,177,231,163,132
E01004608,Wandsworth 006E,218,170,397,266,153
E01004609,Wandsworth 010E,244,160,482,332,163
E01004610,Wandsworth 033C,394,203,219,1176,520
E01004611,Wandsworth 032B,318,182,226,763,307
E01004612,Wandsworth 032C,418,157,260,1151,488
E01004613,Wandsworth 033D,329,201,423,901,465
E01004614,Wandsworth 034A,340,156,454,1001,583
E01004615,Wandsworth 034B,475,169,458,914,491
E01004616,Wandsworth 034C,357,122,494,1104,621
E01004617,Wandsworth 034D,300,110,384,913,547
E01004618,Wandsworth 032D,304,166,176,647,269
E01004619,Wandsworth 015E,392,84,134,149,128
E01004620,Wandsworth 019C,345,133,246,318,167
E01004621,Wandsworth 019D,348,113,209,288,203
E01004622,Wandsworth 024D,178,139,220,733,683
E01004623,Wandsworth 019E,379,137,229,270,158
E01004624,Wandsworth 024E,307,141,204,275,219
E01004625,Wandsworth 027E,386,168,39,94,113
E01004626,Wandsworth 027F,368,170,210,375,198
E01004627,Wandsworth 019F,368,143,188,231,154
E01004628,Wandsworth 022A,392,167,335,742,443
E01004629,Wandsworth 020F,366,220,169,406,228
E01004630,Wandsworth 022B,461,160,366,780,427
E01004631,Wandsworth 022C,314,177,282,495,282
E01004632,Wandsworth 028A,344,155,189,328,169
E01004633,Wandsworth 022D,417,110,353,764,394
E01004634,Wandsworth 028B,224,151,259,387,209
E01004635,Wandsworth 028C,320,138,239,460,292
E01004636,Wandsworth 028D,297,107,200,428,215
E01004637,Wandsworth 028E,277,171,223,417,271
E01004638,Wandsworth 011B,353,186,94,163,164
E01004639,Wandsworth 011C,273,184,322,299,217
E01004640,Wandsworth 011D,308,175,257,246,179
E01004641,Wandsworth 011E,332,304,306,391,267
E01004642,Wandsworth 016B,360,233,328,408,438
E01004643,Wandsworth 016C,418,239,446,723,400
E01004644,Wandsworth 016D,377,303,327,386,333
E01004645,Wandsworth 016E,469,330,463,756,466
E01004646,Westminster 002A,471,204,205,537,320
E01004647,Westminster 001A,273,287,339,500,293
E01004648,Westminster 002B,455,297,535,760,428
E01004649,Westminster 001B,320,281,303,761,335
E01004650,Westminster 002C,358,245,421,584,336
E01004651,Westminster 003A,280,266,721,841,395
E01004652,Westminster 017A,200,151,713,816,496
E01004653,Westminster 014A,296,210,494,377,223
E01004654,Westminster 014B,268,209,737,591,326
E01004656,Westminster 014D,258,228,816,771,408
E01004657,Westminster 012A,149,171,519,384,242
E01004658,Westminster 012B,190,115,524,750,673
E01004659,Westminster 008A,161,184,672,680,449
E01004660,Westminster 008B,247,219,580,735,447
E01004661,Westminster 012C,230,176,659,801,604
E01004662,Westminster 012D,187,137,733,603,410
E01004663,Westminster 012E,234,268,509,525,354
E01004665,Westminster 024A,411,199,429,717,496
E01004666,Westminster 023B,178,196,328,398,210
E01004667,Westminster 023C,193,201,483,397,258
E01004668,Westminster 023D,310,215,369,439,254
E01004669,Westminster 024B,371,247,554,705,433
E01004670,Westminster 009A,869,349,653,2070,1334
E01004674,Westminster 005A,501,268,545,1197,743
E01004675,Westminster 005B,471,229,739,1162,730
E01004676,Westminster 006A,335,91,499,740,382
E01004677,Westminster 005C,266,146,545,735,427
E01004678,Westminster 005D,431,144,546,944,551
E01004679,Westminster 005E,507,150,620,1126,629
E01004680,Westminster 015A,229,231,367,454,269
E01004681,Westminster 016A,216,148,791,794,442
E01004682,Westminster 016B,116,109,519,576,483
E01004683,Westminster 015B,239,233,361,535,322
E01004684,Westminster 015C,286,178,454,988,753
E01004686,Westminster 015E,259,125,603,935,673
E01004687,Westminster 019A,273,252,250,277,253
E01004688,Westminster 019B,104,163,236,835,1225
E01004689,Westminster 019C,162,121,226,304,263
E01004690,Westminster 019D,261,183,198,260,246
E01004691,Westminster 019E,181,248,393,464,374
E01004692,Westminster 019F,199,254,289,683,532
E01004693,Westminster 017B,193,173,444,366,206
E01004694,Westminster 016C,214,113,671,594,369
E01004695,Westminster 017C,121,102,511,487,344
E01004696,Westminster 017D,319,226,537,760,486
E01004697,Westminster 016D,165,144,541,466,306
E01004698,Westminster 017E,175,93,551,549,339
E01004699,Westminster 017F,227,136,809,705,500
E01004700,Westminster 016E,234,115,647,530,320
E01004701,Westminster 007A,251,184,458,516,241
E01004702,Westminster 009E,707,285,687,1580,1061
E01004703,Westminster 007B,469,260,456,713,412
E01004705,Westminster 007D,263,119,325,352,210
E01004706,Westminster 006B,222,123,353,400,167
E01004707,Westminster 006C,385,146,360,525,293
E01004708,Westminster 006D,213,132,496,562,341
E01004709,Westminster 007E,316,156,417,691,400
E01004710,Westminster 002D,445,202,395,886,528
E01004711,Westminster 002E,437,180,494,776,478
E01004712,Westminster 008C,150,195,567,516,417
E01004713,Westminster 011A,185,222,521,366,214
E01004714,Westminster 011B,244,194,781,660,437
E01004715,Westminster 013A,146,207,606,681,690
E01004716,Westminster 011C,150,231,397,365,273
E01004717,Westminster 011D,119,169,620,298,236
E01004718,Westminster 004A,417,191,565,1027,576
E01004719,Westminster 004B,493,172,432,767,465
E01004720,Westminster 004C,510,262,429,870,558
E01004721,Westminster 004D,451,261,593,1033,700
E01004722,Westminster 004E,776,168,538,1789,1062
E01004723,Westminster 005F,434,143,657,1126,663
E01004724,Westminster 001C,295,229,516,642,375
E01004725,Westminster 003B,341,304,475,905,562
E01004726,Westminster 003C,323,253,416,766,389
E01004727,Westminster 008D,248,224,512,947,596
E01004728,Westminster 003D,234,300,509,627,386
E01004729,Westminster 003E,297,334,579,726,390
E01004730,Westminster 001D,290,324,349,660,353
E01004731,Westminster 020A,173,144,572,450,276
E01004732,Westminster 020B,225,212,531,516,452
E01004733,Westminster 020C,418,195,482,523,449
E01004734,Westminster 018A,138,239,887,734,535
E01004735,Westminster 018B,120,229,758,484,517
E01004736,Westminster 018C,95,173,414,414,360
E01004737,Westminster 024C,206,256,360,318,207
E01004738,Westminster 024D,147,176,407,250,173
E01004739,Westminster 024E,58,254,657,197,142
E01004740,Westminster 021A,220,301,588,505,317
E01004741,Westminster 024F,186,162,488,327,227
E01004742,Westminster 022A,126,106,493,198,177
E01004743,Westminster 021B,282,102,467,618,320
E01004744,Westminster 020D,209,186,487,368,201
E01004745,Westminster 021C,291,276,689,508,345
E01004746,Westminster 021D,267,227,556,523,289
E01004747,Westminster 021E,331,245,720,643,475
E01004748,Westminster 020E,189,227,321,275,283
E01004749,Westminster 022B,344,194,672,627,507
E01004750,Westminster 023E,232,314,623,568,323
E01004751,Westminster 022C,219,208,503,285,218
E01004752,Westminster 022D,135,167,626,383,320
E01004753,Westminster 022E,165,178,657,386,237
E01004754,Westminster 010A,421,302,409,889,563
E01004755,Westminster 010B,479,119,606,1275,784
E01004756,Westminster 006E,321,80,559,709,443
E01004757,Westminster 010C,435,144,418,860,643
E01004760,Westminster 014E,308,160,493,680,384
E01004761,Westminster 018D,167,254,667,670,363
E01004762,Westminster 011E,239,323,674,722,456
E01004763,Westminster 013B,79,101,870,660,523
E01004765,Westminster 013D,208,190,742,667,461
E01032512,Westminster 010F,773,191,699,1590,998
E01032513,Westminster 010G,341,211,410,735,401
E01032582,Lambeth 036E,261,167,688,790,432
E01032583,Southwark 034D,195,105,468,533,516
E01032584,Southwark 034E,228,95,400,591,344
E01032637,Southwark 003F,56,19,341,293,233
E01032638,Southwark 003G,61,42,319,173,67
E01032639,Southwark 014F,184,87,501,652,490
E01032640,Southwark 003H,66,29,329,265,102
E01032646,Southwark 003I,159,51,479,479,207
E01032719,Southwark 014G,193,98,493,644,371
E01032720,Southwark 009F,338,83,515,1094,666
E01032722,Southwark 012F,348,208,659,927,604
E01032739,City of London 001F,68,38,516,232,101
E01032740,City of London 001G,29,79,516,186,136
E01032764,Tower Hamlets 004E,170,73,425,463,261
E01032765,Tower Hamlets 004F,282,68,377,622,421
E01032766,Tower Hamlets 021E,192,23,410,703,393
E01032767,Tower Hamlets 021F,82,24,556,543,289
E01032768,Tower Hamlets 025E,132,27,370,437,159
E01032769,Tower Hamlets 025F,187,41,300,578,242
E01032770,Tower Hamlets 032B,162,71,415,658,273
E01032771,Tower Hamlets 033B,204,22,380,639,286
E01032772,Tower Hamlets 032C,198,73,384,589,394
E01032773,Tower Hamlets 032D,276,11,606,887,366
E01032774,Tower Hamlets 032E,302,40,382,684,330
E01032775,Tower Hamlets 031F,122,24,298,456,165
E01032776,Tower Hamlets 028E,101,13,442,563,209
E01032777,Tower Hamlets 028F,208,18,319,684,264
E01032778,Tower Hamlets 028G,139,11,356,647,211
E01032779,Tower Hamlets 028H,195,10,354,551,184
E01032780,Tower Hamlets 028I,118,28,329,591,193
E01032781,Tower Hamlets 033C,172,42,455,624,242
E01032782,Tower Hamlets 033D,369,32,558,935,475
E01032783,Tower Hamlets 031G,179,81,373,660,323
E01032784,Tower Hamlets 004G,244,78,453,563,358
E01032785,Tower Hamlets 010E,227,36,420,543,242
E01032786,Tower Hamlets 010F,395,116,425,772,380
E01032787,Tower Hamlets 011F,746,148,520,1880,1071
E01032788,Hammersmith and Fulham 023D,222,60,253,339,216
E01032789,Hammersmith and Fulham 023E,218,32,350,508,223
E01032790,Hammersmith and Fulham 023F,263,97,264,470,270
E01032803,Southwark 003J,123,18,451,416,174
E01032805,Southwark 022F,669,181,568,1559,797
E01032834,Southwark 003K,55,43,301,216,59
E01033093,Wandsworth 010F,193,108,243,223,100
E01033098,Wandsworth 002F,80,37,416,336,250
E01033099,Wandsworth 004E,157,62,237,400,182
E01033100,Wandsworth 002G,155,137,424,494,222
E01033101,Wandsworth 004F,73,67,193,317,110
E01033132,Wandsworth 002H,139,37,449,436,243
E01033133,Wandsworth 004G,143,53,261,370,130
E01033135,Wandsworth 010G,170,69,176,111,65
E01033207,Lambeth 004F,289,211,512,650,407
E01033208,Lambeth 004G,244,23,706,732,383
E01033486,Islington 011E,204,59,273,395,302
E01033487,Islington 011F,176,14,432,485,205
E01033488,Islington 011G,208,103,419,487,337
E01033489,Islington 022G,83,39,516,511,803
E01033490,Islington 022H,180,103,536,684,749
E01033491,Islington 011H,216,107,665,548,365
E01033492,Islington 011I,137,39,462,413,184
E01033493,Islington 006F,77,24,422,227,131
E01033494,Islington 006G,228,128,317,339,198
E01033593,Westminster 015F,226,44,438,704,479
E01033594,Westminster 015G,154,165,490,592,449
E01033595,Westminster 013E,77,131,604,333,263
E01033596,Westminster 013F,158,155,615,372,212
E01033597,Westminster 023F,131,92,432,339,212
E01033598,Westminster 009F,335,158,339,782,562
E01033599,Westminster 023G,503,84,450,798,432
E01033600,Westminster 007F,153,117,347,285,182
E01033601,Westminster 009G,412,224,386,919,514
E01033602,Westminster 009H,466,160,490,956,708
E01033603,Westminster 009I,218,96,450,628,489
E01033604,Westminster 009J,223,75,503,733,484
E01033605,Westminster 009K,516,284,585,1171,793
E01033606,Westminster 014F,107,68,424,354,193
E01033607,Westminster 014G,164,136,367,297,144
E01033608,Westminster 007G,164,79,415,342,232
E01033698,Hackney 021F,247,192,435,686,370
E01033699,Hackney 021G,132,48,444,528,272
E01033700,Hackney 021H,190,83,544,612,331
E01033701,Hackney 002F,420,159,534,1117,791
E01033702,Hackney 028C,368,32,278,621,330
E01033703,Hackney 010F,265,118,464,673,411
E01033704,Hackney 023F,259,23,519,516,262
E01033705,Hackney 028D,438,52,357,924,410
E01033706,Hackney 027F,132,28,552,445,271
E01033707,Hackney 021I,166,81,430,600,380
E01033708,Hackney 027G,78,16,657,396,314
E01033709,Hackney 027H,270,76,629,741,392
E01033710,Hackney 028E,308,30,359,579,281
E01033711,Hackney 027I,91,37,388,401,335
E01033712,Hackney 023G,319,53,441,627,407
E01033713,Hackney 010G,274,68,429,636,396
